CodigoProducto,Producto,Categoria,Precio
ICHT-00988193,"Portátil - HP 14s-dq1020ns, 14"" FHD, Intel® Core™ i5-1035G1, 8 GB, 256 GB SSD, UHD Graphics, W10, Plata","Portátiles de menos de 14""",596.56
RHND-22798610,"Portátil - Asus E410MA-EK017TS, 14"", FHD, Intel® Celeron® N4020, 4 GB RAM, 64 GB eMMC, Graphics 600, W10","Portátiles de menos de 14""",259.0
GNZL-46914948,"Portátil - HP 14S-FQ0002NS, 14"" HD, AMD 3020e, 4 GB , 64 GB eMMC, Windows 10 Home, Negro","Portátiles de menos de 14""",282.97
JRKG-55981425,"Portátil - Huawei Matebook D 14 , 14"" FHD, AMD Ryzen™ 7 3700U, 8 GB, 512 GB SSD, Windows 10 Home, Plata","Portátiles de menos de 14""",749.0
PBHG-76999324,"MacBook Air Apple MGN63Y/A, 13.3"" Retina, Apple Silicon M1, 8 GB, 256 GB SSD, MacOS, Gris espacial","Portátiles de menos de 14""",1049.0
MOMN-99071345,"Portátil - Asus ZenBook™ 14 UX425EA-HM165T, 14"", FHD, i7-1165G7, 16 GB RAM, 512 GB SSD, UHD Graphics, W10","Portátiles de menos de 14""",1199.0
DKZN-60743484,"Apple MacBook Pro (2020) MWP42Y/A, 13'' Retina, Intel® Core™i5 10ª gen., 16GB, 512GB SSD, MacOS, Gris espacial","Portátiles de menos de 14""",1777.0
DZCG-89780475,"Portátil - Asus ZenBook 14 UX434FAC-A5188T, 14” FHD, Intel® Core™ i7-10510U, 16GB RAM, 512 GB SSD, W10","Portátiles de menos de 14""",1299.0
GSKJ-41175135,"Portátil - ASUS VivoBook S14 K413JP-EK070T, 14"", Intel® Core™ i5-1035G1, 8 GB RAM, 512GB SSD, MX330, W10","Portátiles de menos de 14""",629.0
NUKA-30508619,"Portátil - Acer Chromebook CB514-1HT, 14"" FHD, Intel® Pentium® N4200, 4 GB, 128 GB, Chrome OS, Plata","Portátiles de menos de 14""",450.0
DPHN-55498132,"Portátil - ASUS ZenBook Duo UX481FL-BM044T, 14"" FHD, Intel® Core™ i7-10510U, 16GB RAM, 512 GB SSD, MX250, W10","Portátiles de menos de 14""",1549.0
UATR-46324218,"Portátil - Acer Chromebook CB315-3HT, 15.6"" FHD, Intel® Pentium® Silver N5030, 8 GB, 128 GB, Chrome OS, Plata","Portátiles de menos de 14""",449.0
CDGH-72925579,"Portátil - Microsoft Surface Laptop Go, 12.45"", Intel® Core™ i5-1035G1, 8 GB, 256 GB, Windows 10 Home S Mode","Portátiles de menos de 14""",999.0
AJLN-93441790,"Apple MacBook Pro (2020) MWP52Y/A, 13'' Retina, Intel® Core™i5 10ª gen., 16GB, 1TB SSD, MacOS, Gris espacial","Portátiles de menos de 14""",1999.0
ABPO-09907255,"MacBook Air Apple MGND3Y/A, 13.3"" Retina, Apple Silicon M1, 8 GB, 256 GB SSD, MacOS, Oro","Portátiles de menos de 14""",1129.0
NPJA-73093295,"Convertible 2 en 1 - Microsoft Surface Pro 7, 12.3"", Intel® Core™ i5-1035G7, RAM 8GB, 256GB, Negro","Portátiles de menos de 14""",1049.0
EHJH-98791148,"Portátil - Acer Chromebook 714, 14"" Full-HD, Intel® Core™ i3-8130U, 4 GB, 64 GB eMMC, Chrome OS, Plata","Portátiles de menos de 14""",589.0
HZFF-45084295,"Surface -  Microsoft Surface Laptop 3, 13,5 "", Intel® Core™ i5-1035G7, RAM 8 GB,  128 GB,  Plata","Portátiles de menos de 14""",1147.0
KOUU-01904954,"Apple MacBook Pro (2020) MWP72Y/A, 13'' Retina, Intel® Core™ i5 10ª gen., 16 GB, 512 GB SSD, MacOS, Plata","Portátiles de menos de 14""",1879.0
JEBC-05740519,"MacBook Pro Apple, 13.3"" Retina, Apple Silicon M1, 16 GB, 512 GB SSD, MacOS, Gris espacial","Portátiles de menos de 14""",1909.0
TUAS-23102789,"Portátil - Lenovo ThinkBook 13s IML, 13.3"" FHD, Intel® Core™ i5-10210U, 8GB RAM, 256GB SSD, UHD Graphics, W10","Portátiles de menos de 14""",960.0
TTEO-11806108,"Portátil - ASUS E410MA-EK007TS, 14'',  Intel® Celeron® N4020, 4 GB RAM, 64 GB eMMC, Graphics 600, W10","Portátiles de menos de 14""",299.0
ENNI-93513411,"Portátil - Asus VivoBook S14 S433JQ-EB163, 14"",  Intel® Core™ i5-1035G1, 8 GB RAM, 512GB SSD, MX350, FreeDOS","Portátiles de menos de 14""",699.0
DSUA-12813956,"Apple MacBook Pro (2020) MWP82Y/A, 13'' Retina, Intel® Core™ i5 10ª gen., 16 GB, 1 TB SSD, MacOS, Plata","Portátiles de menos de 14""",2299.0
CMZM-99516608,"Surface -  Microsoft, Surface Laptop 3, 13,5 "", Intel® Core™ i5-1035G7, RAM 8 GB, 256 GB, Negro","Portátiles de menos de 14""",1065.0
THBZ-91837115,"Convertible 2 en 1 - Lenovo Yoga 920-13IKB, 13.9""4K, Intel® Core™ i7-8550U,16GB, 1TB, Graphics 620, W 10 Home","Portátiles de menos de 14""",1699.0
ENGK-74828569,"Portátil - HP Laptop 14s-dq1031ns, 14"" Full-HD, Intel® Core™ i3-1005G1, 8 GB, 256 GB SSD, FreeDOS, Plata","Portátiles de menos de 14""",499.0
ROOM-02360299,"Portátil - MSI Prestige 14 A10RB-020ES, 14 "" FHD, Intel® Core™ i7-10510U, 16GB, 1TB SSD, MX250, W10Pro, Blanco","Portátiles de menos de 14""",1399.0
EHRB-68180903,"Portátil gaming - Honor MagicBook 14, 14"" FHD, AMD Ryzen™ 5 4500U, 8GB RAM, 512GB SSD, Radeon™ Graphics, W10","Portátiles de menos de 14""",749.0
DLRT-17514211,"Portátil - Lenovo Yoga S740-14IIL, 14"" UHD 4K, Intel® Core™ i7-1065G7,16GB, 1TB SSD, GeForce MX250, W 10 Home","Portátiles de menos de 14""",1653.0
DLND-70093369,"Portátil - Microsoft Surface Laptop 2, 13.5"", Intel® Core™ i5-8250U, 8GB RAM, 256GB SSD, W10, Plata","Portátiles de menos de 14""",1376.55
FDIG-01018855,"MacBook Air Apple Z11B6, 13.3"" Retina, Apple Silicon M1, 16 GB, 1 TB SSD, MacOS, Gris espacial","Portátiles de menos de 14""",2139.0
FCGU-31977579,"Portátil - Lenovo Yoga 910-13IKB, 13.9"" Full HD, Intel® Core™ i7-7500U, 8 GB RAM, 512 GB SSD, Gris","Portátiles de menos de 14""",1699.0
KTMU-70112324,"REACONDICIONADO Portátil - Lenovo Ideapad 720S-13IKB, 13.3"", Intel® Core™ i7-7500U, 8 GB RAM, 512 GB SSD, FDOS","Portátiles de menos de 14""",1144.0
STSA-01304472,"Portátil - LG Gram 14Z90N-V-AR53B, 14"" FHD, Intel® Core™ i5-1035G7, 8 GB, 256 GB SSD, Windows 10 Home, Blanco","Portátiles de menos de 14""",1199.0
MCPB-02799714,"REACONDICIONADO Portátil - Microsoft Surface Laptop Go, 12.45"", Intel® Core™ i5-1035G1, 4 GB, 64 GB, W10H","Portátiles de menos de 14""",503.2
EIJS-29111153,"Portátil - HP 250 G7, 15.6"" HD, Intel® Core™ i3-1005G1, 8GB , 256GB SSD, FreeDOS, Negro","Portátiles de 14"" a 16.9""",459.0
NZIE-40384374,"Portátil - Dynabook Satellite Pro C50-E-11F, 15.6"" FHD, Intel® Celeron® 3865U, 8GB, 256GB SSD, W10","Portátiles de 14"" a 16.9""",449.0
ODUZ-48300461,"Portátil - Lenovo IdeaPad S145-15IIL, 15.6"" FHD, Intel® Core™ i7-1065G7, 8GB,256SSD, Iris® Graphics, W 10 Home","Portátiles de 14"" a 16.9""",749.0
GSUI-69154398,"Portátil - Huawei MateBook D15, 15.6"" FHD, Intel® Core™ i5-10210U, 8 GB, 256 SSD, W10, Plata","Portátiles de 14"" a 16.9""",668.84
PNDP-06147047,"Portátil - HP Chroomebok 11A G8 EE, 11.6"" HD, AMD A4-9120C, 4 GB, 32 GB eMMC, R4 Graphics, Chrome OS, Verde","Portátiles de 14"" a 16.9""",269.0
OIUA-29366728,"Portátil - LG 15Z95N-G.AA78B, 15.6"" FHD, Intel® Core™ i7-1165G7, 16 GB RAM, 512 GB SSD, Iris® Plus 655, W10","Portátiles de 14"" a 16.9""",1199.0
GLIF-54695572,"Portátil - Primux ioxbook 15I3A, 15.6"" FHD, Intel® Core™ i3-1005G1, 8 GB RAM, 256 GB SSD, UHD, W10, Gris","Portátiles de 14"" a 16.9""",599.0
SEEZ-81293866,"Portátil gaming - Asus ROG Zephyrus M15 GU502LW-AZ056T, 15.6"" FHD, i7-10750H, 32GB RAM, 1TB SSD, RTX 2070, W10","Portátiles de 14"" a 16.9""",1849.0
JGIS-90728969,"Portátil - Primux Ioxbook 15R3A, 15.6"" FHD, AMD Ryzen™ 3-3200U, 8GB RAM, 256GB SSD, R3-Radeon TM Vega3, W10","Portátiles de 14"" a 16.9""",589.0
LKPK-93193730,"Apple MacBook Pro (2019),Retina 16"",Intel® Core™ i7, 16GB, 512GB SSD,AMD Radeon Pro 5300M,MacOS, Gris espacial","Portátiles de 14"" a 16.9""",2623.0
ONHD-37172276,"Portátil - Lenovo Yoga Creator 7 15IMH05, 15.6"" FHD, Intel® Core™ i7-10750H, 16GB RAM, 512GB SSD, GTX1650, W10","Portátiles de 14"" a 16.9""",1349.0
IRGT-04482868,"Portátil - LG Ultra 17, 17'' WQXGA, Intel® Core™ i7-10510U, 16GB, 512GB SSD, NVIDIA® GeForce® GTX™1650, W10","Portátiles de 14"" a 16.9""",1439.0
ZPKT-65779123,"Apple MacBook Pro (2019), Retina 16"", Intel® Core™ i7, 16GB, 512GB SSD, AMD Radeon Pro 5300M, MacOS, Plata","Portátiles de 14"" a 16.9""",2429.0
UEZL-89315970,"Portátil - Microsoft Surface Laptop 3, 15"", AMD Ryzen 5 ™, 8GB, 256 GB, Negro metal","Portátiles de 14"" a 16.9""",1649.0
FCUU-06406040,"Portátil - Dynabook Satellite Pro C50-E-10C, 15.6"" FHD, Intel® Core™ i3-8130U, 8GB RAM, 256GB SSD, UHD 620,W10","Portátiles de 14"" a 16.9""",699.0
FBRH-16178962,"Portátil gaming - Lenovo Creator 5 15IMH05, 15.6"" FHD, Intel®Core™ i7-10750H, 16GB, 512SSD, GTX1650, W 10 Home","Portátiles de 14"" a 16.9""",1499.0
OEOJ-31892385,"Portátil - Microsoft Surface Laptop 3, 15"", AMD Ryzen 5 ™, 8GB, 256 GB, Platino metal","Portátiles de 14"" a 16.9""",1649.0
UCHE-80103862,"Portátil gaming - ASUS ROG Strix G15 G512LV-HN090, 15.6"", i7-10750H, 16 GB RAM, 1 TB SSD, RTX™ 2060, FreeDOS","Portátiles de 14"" a 16.9""",1149.0
FHBM-12500351,"Portátil - LG 15U70N-P.AA78B, 15.6'' Full-HD, Intel® Core™ i7-10510U, 16 GB, 512 GB SSD, W10 Home, Gris","Portátiles de 14"" a 16.9""",1199.0
JGAG-82976184,"Portátil - LG 14Z990-V, 14"" FHD, Intel® Core™ i5-8265U, 8 GB RAM, 256GB SSD, Intel® UHD Graphics 620, W10","Portátiles de 14"" a 16.9""",1156.2
PCZP-46149415,"Portátil - LG 15U70N-P.AA78B, 15.6'' Full-HD, Intel® Core™ i7-10510U, 16 GB, 512 GB SSD, W10 Home, Gris","Portátiles de 14"" a 16.9""",1199.0
OSZM-07576729,"Portátil - LG 14Z990-V, 14"" FHD, Intel® Core™ i5-8265U, 8 GB RAM, 256GB SSD, Intel® UHD Graphics 620, W10","Portátiles de 14"" a 16.9""",1156.2
OJZL-64508422,"REACONDICIONADO Portátil - Acer Aspire 5 A515-56-53UU, 15.6"" FHD, Intel® Core™ i5-1135G7, 16GB, 1TB SSD,FDOS","Portátiles de 14"" a 16.9""",619.2
GHDU-94823603,"REACONDICIONADO Portátil - HP 15-dw1028ns, 15.6"" FHD, Intel® Core™ i5-10210U, 8 GB, 512 GB SSD, W10 Home,Plata","Portátiles de 14"" a 16.9""",519.2
HOMK-62674925,"Portátil - Dynabook Satellite Pro L50-G-1JL, 15.6"" FHD, Intel®Core™ i7-10710U, 16GB, 1TB+256GB SSD, MX250, W10","Portátiles de 14"" a 16.9""",1308.0
OSBO-00980325,"Portátil - LG Gram 15Z90N-VAR53B, 15.6"" Full-HD, Intel® Core™ i5-1035G7, 8 GB, 256 GB SSD, W10 Home, Blanco","Portátiles de 14"" a 16.9""",1249.0
TPIF-72567039,"REACONDICIONADO Portátil - HP Laptop 15s-fq2003ns, 15.6"" FHD, Intel® Core™ i5-1135G7, 512GB SSD, 8GB, W10 Home","Portátiles de 14"" a 16.9""",559.2
UKSO-82924634,"Portátil - LG Ultra 17, 17'' WQXGA, Intel® Core™ i7-10510U, 16GB, 512GB SSD, NVIDIA® GeForce® GTX™1650, W10","Portátiles desde 17""",1439.0
JDPB-87900692,"Portátil - Asus ProArt StudioBook Pro17 J700G3T-AV103R, 17"", i7-9750H, 32GB, 1TB, NVIDIA® Quadro® RTX 3000,W10","Portátiles desde 17""",2799.0
JCAH-31499525,"Portátil - HP 14S-FQ0002NS, 14"" HD, AMD 3020e, 4 GB , 64 GB eMMC, Windows 10 Home, Negro",Convertibles 2 en 1,282.97
UPTB-03295996,"Convertible 2 en 1 -  Microsoft Surface Pro 7, 12.3"", Intel® Core™ i5-1035G4, 8GB RAM, 128GB, W10",Convertibles 2 en 1,799.0
FPGP-17111293,"Portátil - Asus VivoBook™ Flip 14 TP412FA-EC452T, 14"", Intel® Core™ i3-10110U, 8GB RAM, 256GB SSD, W10",Convertibles 2 en 1,699.0
KCNE-80054584,"Convertible 2 en 1 - Microsoft Surface Go 2, 10.5"", Intel® Pentium® Gold 4415Y, 8 GB RAM, 128 GB, W10, Plata",Convertibles 2 en 1,577.0
NGGG-66485226,"Convertible 2 en 1 - Lenovo IdeaPad Duet 3 10IGL5, 10.3"", Intel® Pentium® Silver N5030, 8GB RAM, 128GB, W10",Convertibles 2 en 1,580.0
ETBL-60400007,"Portátil - Microsoft Surface Laptop Go, 12.45"", Intel® Core™ i5-1035G1, 8 GB, 256 GB, Windows 10 Home S Mode",Convertibles 2 en 1,999.0
AJIN-28307314,"Convertible 2 en 1 - Microsoft Surface Pro 7, 12.3"", Intel® Core™ i5-1035G7, RAM 8GB, 256GB, Negro",Convertibles 2 en 1,1049.0
FSIN-86955267,"Convertible 2 en 1 - LENOVO Yoga C930,13.9""FHD, Intel® Core™ i5-8250U, 8GB DDR4, 512 GB SSD, Windows 10, Plata",Convertibles 2 en 1,1199.0
NTLG-23174927,"Convertible 2 en 1 - LG Gram 14T90N-VAA78B, 14"" FullHD, Intel® Core™ i7-10510U, 16 GB, 512 GB, W10 Home, Plata",Convertibles 2 en 1,1399.0
EUFI-20064017,"Convertible 2 en 1 - Microsoft Surface Pro 7, 12.3"", Intel® Core™ i5-1035G4, 8 GB,  256 GB, Plata",Convertibles 2 en 1,1049.0
FUON-77253124,"Portátil - Lenovo Yoga S730-13IWL, 13.3 "", Intel® Core™ i5-8265U, 8 GB, 256 GB, Windows 10 Home, Gris",Convertibles 2 en 1,838.0
RJJG-93391069,"Convertible 2 en 1 - Lenovo Yoga 730-13IWL, 13.3"" FHD, Intel® Core™ i7-8565U, 8GB, 512 GB SSD, W10",Convertibles 2 en 1,1322.0
TDML-07770803,"Surface -  Microsoft, Surface Laptop 3, 13,5 "", Intel® Core™ i5-1035G7, RAM 8 GB, 256 GB, Plata",Convertibles 2 en 1,1449.0
HNUO-43341479,"Convertible 2 en 1 - Lenovo Yoga 7 14ITL5, 14""FHD, Intel® Evo™ Core™ i7-1165G7, 16GB RAM,1TB SSD, Iris®Xe, W10",Convertibles 2 en 1,1499.0
LZLA-05880311,"Convertible 2 en 1 - Microsoft Surface Pro 7, 12.3"", Intel® Core™ i7 1065G7, 16 GB, 256 GB SSD, W10, Plata",Convertibles 2 en 1,1640.0
SUCJ-71348555,"Convertible 2 en 1 - Microsoft Surface Pro 7, 12.3"", Intel® Core™ i7 1065G7, 16 GB, 512 GB SSD, W10, Negro",Convertibles 2 en 1,2099.0
PSRZ-31153591,"Convertible 2 en 1 - Microsoft Book 3, 13.3"",  Intel® Core™ i5-1035G7, 8 GB, 256 GB, W10 Home, Plata",Convertibles 2 en 1,1799.0
ENCH-36368678,"Convertible 2 en 1 - Microsoft Surface Go 2, 10.5"", SIM LTE, Intel® Pentium® Gold 4415Y, 8 GB, 128 GB, Plata",Convertibles 2 en 1,824.0
UIEN-63697044,"Convertible 2 en 1 - Microsoft Book 3, 13.3"", Intel® Core™ i7-1065G7, 16 GB, 256 GB, GTX1650, W10 Home, Plata",Convertibles 2 en 1,2249.0
TMPL-54149772,"Convertible 2 en 1 - Microsoft Book 3, 15"", Intel® Core™ i7-1065G7, 32 GB, 512 GB, GTX1660 Ti, W10 Home, Plata",Convertibles 2 en 1,3099.0
HDZF-90571285,"Convertible 2 en 1 - Microsoft Surface Pro 7, 12.3"", Intel® Core™ i7 1065G7, 16 GB, 256 GB SSD, W10, Negro",Convertibles 2 en 1,1634.0
GAOO-91450976,"Surface -  Microsoft, Surface Laptop 3, 13,5 "", Intel® Core™ i5-1035G7, RAM 8 GB, 256 GB, Negro",Convertibles 2 en 1,1065.0
ZLOD-60344541,"Convertible 2 en 1 - Microsoft Surface Pro X, 13"", Microsoft SQ1, 8 GB RAM, 128 GB SSD, LTE (4G), W10",Convertibles 2 en 1,1149.0
BILP-16651927,"Convertible 2 en 1 - Microsoft Book 3, 15"", Intel® Core™ i7-1065G7, 16 GB, 256 GB, GTX1660 Ti, W10 Home, Plata",Convertibles 2 en 1,2599.0
LFTO-14378624,"Portátil - Lenovo Yoga S940-14IIL, 14"" UHD 4K, Intel® Core™ i7-1065G7, 16 GB, 1 TB SSD, Windows 10 Home, Gris",Convertibles 2 en 1,1999.0
GNRU-38662841,"Convertible 2 en 1 - Microsoft Surface Pro X, Negro, 13"", Microsoft SQ2, 16 GB RAM, 512 GB SSD, W10",Convertibles 2 en 1,1999.0
UCIG-30265115,"Convertible 2 en 1 - Microsoft Surface Pro X, Plata, 13"", Microsoft SQ2, 16 GB RAM, 256 GB SSD, W10",Convertibles 2 en 1,1699.0
PFOO-55967241,"REACONDICIONADO Convertible 2 en 1 - Microsoft Surface Pro 6, 12.3"", Intel® Core™ i5-8250U, 8 GB RAM, 256 GB",Convertibles 2 en 1,1079.2
MSFA-46999854,"Portátil - Lenovo Yoga 910-13IKB, 13.9"" Full HD, Intel® Core™ i7-7500U, 8 GB RAM, 512 GB SSD, Gris",Convertibles 2 en 1,1699.0
FIUA-98493850,"REACONDICIONADO Convertible 2 en 1 - Microsoft Surface Book 2, 13.5"", Intel® Core™ i7-8650U, 16 GB RAM, Plata",Convertibles 2 en 1,2051.28
AURL-38658496,"Convertible 2 en 1 - HP 14-dw0027ns, 14"", Intel® Core™ i7-1065G7, 8 GB, 512 GB, Windows 10 Home, Plata",Convertibles 2 en 1,999.0
SCDU-75627779,"Convertible 2 en 1 - Microsoft Surface Pro X, Plata, 13"", Microsoft SQ2, 16 GB RAM, 512 GB SSD, W10",Convertibles 2 en 1,1999.0
OJKR-92119481,"Convertible 2 en 1 -  Microsoft Surface Pro 7, 12.3"", Intel® Core™ i5-1035G4, 8GB RAM, 128GB, W10",Portátiles táctiles,799.0
HIAD-48792587,"Convertible 2 en 1 - Microsoft Surface Pro 7, 12.3"", Intel® Core™ i5-1035G7, RAM 8GB, 256GB, Negro",Portátiles táctiles,1049.0
ODCU-12711709,"Convertible 2 en 1 - LENOVO Yoga C930,13.9""FHD, Intel® Core™ i5-8250U, 8GB DDR4, 512 GB SSD, Windows 10, Plata",Portátiles táctiles,1199.0
LRIG-70396789,"Convertible 2 en 1 - Microsoft Surface Pro 7, 12.3"", Intel® Core™ i5-1035G4, 8 GB,  256 GB, Plata",Portátiles táctiles,1049.0
RERM-23944500,"Portátil - Lenovo Yoga S730-13IWL, 13.3 "", Intel® Core™ i5-8265U, 8 GB, 256 GB, Windows 10 Home, Gris",Portátiles táctiles,838.0
LKUM-10479693,"Convertible 2 en 1 - Lenovo Yoga 730-13IWL, 13.3"" FHD, Intel® Core™ i7-8565U, 8GB, 512 GB SSD, W10",Portátiles táctiles,1322.0
AAKD-09521253,"Surface -  Microsoft Surface Laptop 3, 13,5 "", Intel® Core™ i5-1035G7, RAM 8 GB,  128 GB,  Plata",Portátiles táctiles,1147.0
RPFA-35683354,"Surface -  Microsoft, Surface Laptop 3, 13,5 "", Intel® Core™ i5-1035G7, RAM 8 GB, 256 GB, Plata",Portátiles táctiles,1449.0
ATIC-81602330,"Convertible 2 en 1 - Microsoft Surface Pro 7, 12.3"", Intel® Core™ i7 1065G7, 16 GB, 256 GB SSD, W10, Plata",Portátiles táctiles,1640.0
OUPU-69234068,"Convertible 2 en 1 - Microsoft Surface Pro 7, 12.3"", Intel® Core™ i7 1065G7, 16 GB, 512 GB SSD, W10, Negro",Portátiles táctiles,2099.0
DMBN-90098099,"Convertible 2 en 1 - Microsoft Surface Pro 7, 12.3"", Intel® Core™ i7 1065G7, 16 GB, 256 GB SSD, W10, Negro",Portátiles táctiles,1634.0
TGZR-91668964,"Surface -  Microsoft, Surface Laptop 3, 13,5 "", Intel® Core™ i5-1035G7, RAM 8 GB, 256 GB, Negro",Portátiles táctiles,1065.0
FGNF-50086642,"Convertible 2 en 1 - Microsoft Surface Pro X, 13"", Microsoft SQ1, 8 GB RAM, 128 GB SSD, LTE (4G), W10",Portátiles táctiles,1149.0
TKCB-41492219,"Portátil - Lenovo Yoga 910-13IKB, 13.9"" Full HD, Intel® Core™ i7-7500U, 8 GB RAM, 512 GB SSD, Gris",Portátiles táctiles,1699.0
USLH-96231471,"Portátil - Asus E410MA-EK017TS, 14"", FHD, Intel® Celeron® N4020, 4 GB RAM, 64 GB eMMC, Graphics 600, W10",Portátiles gaming,259.0
BUFD-33380350,"Portátil gaming - Asus TUF A15 FA506IU-HN278, 15.6"", AMD® Ryzen™ 7 4800H , 16GB, 1TB SSD, GTX1660Ti, FreeDOS",Portátiles gaming,1089.0
RDHP-10685612,"Portátil - ASUS ROG Strix G17 G712LW-EV002, 17.3"", FHD, i7-10750H, 16 GB RAM, 1 TB SSD,  RTX™ 2070, FreeDOS",Portátiles gaming,1499.0
AMMG-47101753,"Portátil gaming - MSI BRAVO 15, 15.6 "" Full-HD, AMD Ryzen™ 5 4600H, 16 GB, 512SSD, Radeon RX 5500M, FreeDOS",Portátiles gaming,1020.0
UZUG-36416745,"Portátil gaming - Asus TUF F15 FX506LI-HN109T, 15.6"" FHD, i7-10870H, 16 GB RAM, 512 GB SSD, GTX1650Ti, W10",Portátiles gaming,1099.0
RRSB-17555937,"Portátil - Lenovo Legion 5 15IMH05H, 15.6"" FHD, Intel® Core™ i7-10750H, 16GB RAM, 512GB SSD, RTX2060, FreeDOS",Portátiles gaming,1199.0
ZIEC-08410251,"Portátil gaming - Lenovo Legion 5 15ARH05, 15.6"" FHD, AMD Ryzen™ 7 4800H, 16GB RAM, 512 GB SSD, GTX1650, W10",Portátiles gaming,1049.0
SOIT-78731143,"Portátil gaming - Asus ROG Zephyrus M15 GU502LW-AZ056T, 15.6"" FHD, i7-10750H, 32GB RAM, 1TB SSD, RTX 2070, W10",Portátiles gaming,1849.0
MFBU-68627274,"Portátil gaming - Lenovo IdeaPad Gaming 3 15ARH05, 15"" FHD, AMD Ryzen™ 7 4800H, 16GB, 512GB SSD, GTX1650, FDOS",Portátiles gaming,899.0
ENTD-33650690,"Portátil gaming - HP OMEN 15-ek0012ns, 15.6"" FHD, Intel® Core™ i7-10750H, 16GB, 1TB SSD, RTX2060, W10, Negro",Portátiles gaming,1499.0
ILIS-80579507,"Portátil gaming - Asus ROG Strix G15 G512LW-HN149, 15.6"", i7-10875H, 32 GB RAM, 1 TB SSD,  RTX™ 2070, FreeDOS",Portátiles gaming,1549.0
BPAJ-46553137,"Portátil gaming - MSI GP65 Leopard 10SEK 029ES, 15"" FHD, Intel® Core™ i7-10750H, 16GB, 1TB SSD, RTX 2060, W10",Portátiles gaming,1499.0
TSOD-75259735,"Portátil gaming - MSI GL65 Leopard 10SER-468XES, 15.6"" FHD, Intel® Core™ i7-10750H, 16GB, 1TB, RTX2060, FDOS",Portátiles gaming,1299.0
HJDJ-92312549,"Portátil gaming - MSI GF65 Thin 10SDR-888ES, 15.6"" FHD, Intel® Core™ i7-10750H, 16GB, 512GB SSD, GTX1660, W10",Portátiles gaming,1399.0
TFMG-97619160,"Portátil - Lenovo Legion 5 15IMH05H, 15.6"" FHD, Intel® Core™ i7-10750H, 16GB RAM, 512GB SSD, RTX2060, W10",Portátiles gaming,1299.0
DUIJ-61975566,"PC gaming - MSI GS75 Stealth 10SE-816XES, 17.3"" FHD, Intel® Core™ i7-10875H, 32 GB, 1TB SSD, RTX 2060, FreeDOS",Portátiles gaming,1699.0
AJFA-72722915,"Portátil gaming - Msi A10SC-007ES, 15.6"" UHD 4K, Intel® Core™ i7-10710U, 32GB, 1TB SSD, GTX1650, W10 Pro, Gris",Portátiles gaming,1899.0
ICGM-04301679,"Portátil - Lenovo Legion 5 15IMH05H, 15.6"" FHD, Intel® Core™ i7-10750H, 16GB RAM, 512GB SSD, GTX1650, FreeDOS",Portátiles gaming,999.0
PDSE-72926759,"Portátil gaming - Lenovo Legion 5 15IMH05H, 15.6"" FHD, Intel® Core™ i7-10750H, 16GB, 512GB SSD, RTX2060, W10",Portátiles gaming,1599.0
UOLK-62851527,"Portátil gaming - MSI Prestige 15, 15.6"" FHD, Intel® Core™ i7-10710U, 16GB, 512+512 GB, GTX1650, W10H, Plata",Portátiles gaming,1664.0
PLAB-34950496,"Portátil gaming - Asus Zephyrus M15 GU502LW-AZ196T, 15.6"" FHD, i7-10875H, 32 GB RAM, 1 TB SSD, RTX™ 2070, W10",Portátiles gaming,1849.0
KRBL-62434677,"Portátil gaming - MSI GF75 Thin 10SCSR-245XES, 17.3"" FHD, i7-10750H, 16GB, 1TB+512GB, GTX1650Ti, FreeDOS,Negro",Portátiles gaming,1352.0
LGBD-68837854,"Portátil gaming - Asus TUF A17 FA706QR-HX004, 17"", AMD® Ryzen™ 7 5800H, 16GB RAM, 512GB SSD, RTX 3070, FreeDOS",Portátiles gaming,1686.0
RPOT-88588003,"Portátil gaming - MSI GF63 Thin 10SCSR-876XES, 15.6"" FHD, Intel® Core™ i7-10750H, 16GB, 1TB SSD, GTX1650, FDOS",Portátiles gaming,999.0
OEDA-08358613,"Portátil gaming - Asus ROG Zephyrus M15 GU502LW-AZ037T, 15.6"" FHD, i7-10750H, 16GB RAM, 512GB SSD, RTX2070,W10",Portátiles gaming,1649.0
PFBE-34683637,"Portátil gaming - Asus ROG Zephyrus S17 GX701LXS-HG032T, 17.3"" FHD, i7-10875H, 32GB RAM, 1TB SSD, RTX2080, W10",Portátiles gaming,2499.0
FMJN-93401231,"Portátil gaming - MSI GS66 10SE-051ES, 15"" FHD, Intel® Core™ i7-10750H, 32GB, 1TB SSD, GeForce® RTX 2060, W10",Portátiles gaming,1799.0
RHLU-81904630,"Portátil gaming - MSI GL65 Leopard 10SFSK-450ES, 15.6"" FHD, Intel® Core™ i7-10750H,16GB,1TB,RTX2070 Super,W10",Portátiles gaming,1599.0
ZCRR-89034121,"Portátil gaming - MSI Bravo 15, 15.6"" Full-HD, AMD Ryzen™ 7 4800H, 16 GB, 512 SSD, Radeon RX 5500M, FreeDOS",Portátiles gaming,1010.0
ZSRB-95780137,"Portátil gaming - MSI GL65 Leopard 10SFR-466XES, 15.6"" FHD, Intel® Core™ i7-10750H, 16GB, 1TB, RTX2070, FDOS",Portátiles gaming,1449.0
ZNAG-97936399,"Portátil gaming - MSI Creator 17M A10SD 211ES, 17"" FHD, Intel® Core™ i7-10750H, 32GB, 1TB SSD, GTX 1660Ti, W10",Portátiles gaming,1735.0
DAOJ-70783908,"PC gaming - MSI MPG Trident 3 10SI-017EU, Intel® Core™ i5-10400, 8GB RAM, 512GB SSD, 1TB HDD, GTX1660, W10",Portátiles gaming,999.0
EMBG-20401611,"Portátil gaming - ASUS ROG Strix G15 G512LV-HN090, 15.6"", i7-10750H, 16 GB RAM, 1 TB SSD, RTX™ 2060, FreeDOS",Portátiles gaming,1149.0
HHHK-39662185,"Portátil gaming - Lenovo Legion Y540-15IRH, 15.6"" FHD, Intel® Core™ i5-9300H, 8 GB, 512 SSD, RTX2060, FreeDOS",Portátiles gaming,999.0
CNOU-87633257,"REACONDICIONADO Portátil gaming - Gigabyte Aero15, 15.6"" 4K, Intel® Core™ i7-8750H, 32GB, 1TB SSD, RTX 2070",Portátiles gaming,2203.24
ZAZG-98124070,"Portátil gaming - MSI GL65 10SDK-032es, 15.6"" FHD, Intel® Core™ i7-10750H, 16GB, 1TB SSD, GTX1660 Ti, FreeDOS",Portátiles gaming,1356.0
TDZA-98772514,"Portátil gaming - Asus ROG Zephyrus S17 GX701LWS-EV029T, 17.3"",  i7-10750H, 32 GB RAM, 1 TB SSD, RTX 2070, W10",Portátiles gaming,2299.0
TAHA-19159058,"Portátil gaming - Acer PH717-72-766P, 17.3"" FHD, Intel® Core™ i7-10875H, 32GB RAM, 1024GB SSD, RTX2070, W10",Portátiles gaming,3318.0
HENA-33319072,"Portátil gaming - Asus ROG Zephyrus M15 GU502LW-HN071T, 15.6"" FHD, i7-10750H, 16GB RAM, 1TB SSD, RTX 2070, W10",Portátiles gaming,1749.0
FMKS-11214781,"Portátil gaming- Asus ROG Zephyrus M15 GU502LW-HN070T, 15.6"", i7-10750H, 16 GB RAM, 512 GB SSD, RTX™ 2070, W10",Portátiles gaming,1649.0
RIRK-47244584,"REACONDICIONADO Portátil gaming - HP OMEN 15-ek0008ns, 15.6"" FHD, Intel® Core™ i7-10750H, 32GB, 1TB SSD, RTX20",Portátiles gaming,1359.2
HUBE-37993464,"REACONDICIONADO Portátil gaming - ASUS ROG Strix SCAR 17 G732LWS-HG033T, 17.3"", i7-10875H, 32 GB,1 TB SSD, W10",Portátiles gaming,1519.2
ANFI-08169186,"Portátil - MSI Creator 15 A10SDT-065ES, 15.6"" Full-HD, Intel® Core™ i7-10750H, 32 GB, 1TB SSD, GTX1660Ti",Portátiles gaming,1799.0
PPUE-90392496,"REACONDICIONADO Portátil Gaming - Asus GL502VS-FY370T, i7-7700HQ, 15.6"", 16GB RAM, 1TB+128GB, GTX 1070, FDOS",Portátiles gaming,1352.04
FFBO-63998315,"Portátil gaming - Msi A10SC-007ES, 15.6"" UHD 4K, Intel® Core™ i7-10710U, 32GB, 1TB SSD, GTX1650, W10 Pro, Gris",Portátiles 4K,1899.0
JFHJ-40000047,"Convertible 2 en 1 - Lenovo Yoga 920-13IKB, 13.9""4K, Intel® Core™ i7-8550U,16GB, 1TB, Graphics 620, W 10 Home",Portátiles 4K,1699.0
SMTF-56345724,"Portátil - Lenovo Yoga S740-14IIL, 14"" UHD 4K, Intel® Core™ i7-1065G7,16GB, 1TB SSD, GeForce MX250, W 10 Home",Portátiles 4K,1653.0
ELCS-30816412,"REACONDICIONADO Portátil gaming - Gigabyte Aero15, 15.6"" 4K, Intel® Core™ i7-8750H, 32GB, 1TB SSD, RTX 2070",Portátiles 4K,2203.24
NUMK-90380496,"Portátil - Dynabook Satellite Pro C50-E-11F, 15.6"" FHD, Intel® Celeron® 3865U, 8GB, 256GB SSD, W10",Ultrabooks ,449.0
AIJB-53437649,"Portátil - HP 14s-dq1020ns, 14"" FHD, Intel® Core™ i5-1035G1, 8 GB, 256 GB SSD, UHD Graphics, W10, Plata",Ultrabooks ,596.56
ZFDJ-86971026,"Convertible 2 en 1 -  Microsoft Surface Pro 7, 12.3"", Intel® Core™ i5-1035G4, 8GB RAM, 128GB, W10",Ultrabooks ,799.0
OMPO-14358634,"Portátil - Lenovo IdeaPad S145-15IIL, 15.6"" FHD, Intel® Core™ i7-1065G7, 8GB,256SSD, Iris® Graphics, W 10 Home",Ultrabooks ,749.0
FUOM-63000644,"Portátil - Huawei MateBook D15, 15.6"" FHD, Intel® Core™ i5-10210U, 8 GB, 256 SSD, W10, Plata",Ultrabooks ,668.84
LAEC-05817492,"Portátil - Asus VivoBook™ Flip 14 TP412FA-EC452T, 14"", Intel® Core™ i3-10110U, 8GB RAM, 256GB SSD, W10",Ultrabooks ,699.0
IDGZ-71825889,"Convertible 2 en 1 - Microsoft Surface Go 2, 10.5"", Intel® Pentium® Gold 4415Y, 8 GB RAM, 128 GB, W10, Plata",Ultrabooks ,577.0
FOBD-14414494,"Portátil - Asus ZenBook™ 14 UX425EA-HM165T, 14"", FHD, i7-1165G7, 16 GB RAM, 512 GB SSD, UHD Graphics, W10",Ultrabooks ,1199.0
KHLZ-16311367,"Portátil - ASUS ROG Strix G17 G712LW-EV002, 17.3"", FHD, i7-10750H, 16 GB RAM, 1 TB SSD,  RTX™ 2070, FreeDOS",Ultrabooks ,1499.0
ALPB-89241828,"Portátil gaming - Asus TUF F15 FX506LI-HN109T, 15.6"" FHD, i7-10870H, 16 GB RAM, 512 GB SSD, GTX1650Ti, W10",Ultrabooks ,1099.0
BGJZ-70454414,"Apple MacBook Pro (2020) MWP42Y/A, 13'' Retina, Intel® Core™i5 10ª gen., 16GB, 512GB SSD, MacOS, Gris espacial",Ultrabooks ,1777.0
MLGO-83204407,"Portátil - Lenovo Legion 5 15IMH05H, 15.6"" FHD, Intel® Core™ i7-10750H, 16GB RAM, 512GB SSD, RTX2060, FreeDOS",Ultrabooks ,1199.0
MKRR-52803341,"Portátil - Asus ZenBook 14 UX434FAC-A5188T, 14” FHD, Intel® Core™ i7-10510U, 16GB RAM, 512 GB SSD, W10",Ultrabooks ,1299.0
MBEG-82149230,"Portátil - ASUS VivoBook S14 K413JP-EK070T, 14"", Intel® Core™ i5-1035G1, 8 GB RAM, 512GB SSD, MX330, W10",Ultrabooks ,629.0
MDDJ-94238460,"Portátil - LG 15Z95N-G.AA78B, 15.6"" FHD, Intel® Core™ i7-1165G7, 16 GB RAM, 512 GB SSD, Iris® Plus 655, W10",Ultrabooks ,1199.0
EOHT-39343823,"Portátil - ASUS ZenBook Duo UX481FL-BM044T, 14"" FHD, Intel® Core™ i7-10510U, 16GB RAM, 512 GB SSD, MX250, W10",Ultrabooks ,1549.0
KJSD-08046356,"Portátil gaming - Asus ROG Zephyrus M15 GU502LW-AZ056T, 15.6"" FHD, i7-10750H, 32GB RAM, 1TB SSD, RTX 2070, W10",Ultrabooks ,1849.0
TLEI-15201360,"Portátil - Primux ioxbook 15I3A, 15.6"" FHD, Intel® Core™ i3-1005G1, 8 GB RAM, 256 GB SSD, UHD, W10, Gris",Ultrabooks ,599.0
HOCI-76900230,"Apple MacBook Pro (2020) MWP52Y/A, 13'' Retina, Intel® Core™i5 10ª gen., 16GB, 1TB SSD, MacOS, Gris espacial",Ultrabooks ,1999.0
ZJMB-29003196,"Convertible 2 en 1 - Microsoft Surface Pro 7, 12.3"", Intel® Core™ i5-1035G7, RAM 8GB, 256GB, Negro",Ultrabooks ,1049.0
NMDG-75729213,"Portátil gaming - HP OMEN 15-ek0012ns, 15.6"" FHD, Intel® Core™ i7-10750H, 16GB, 1TB SSD, RTX2060, W10, Negro",Ultrabooks ,1499.0
BRDE-58955321,"Portátil gaming - MSI GP65 Leopard 10SEK 029ES, 15"" FHD, Intel® Core™ i7-10750H, 16GB, 1TB SSD, RTX 2060, W10",Ultrabooks ,1499.0
KDHD-86066641,"Portátil gaming - Asus ROG Strix G15 G512LW-HN149, 15.6"", i7-10875H, 32 GB RAM, 1 TB SSD,  RTX™ 2070, FreeDOS",Ultrabooks ,1549.0
TSTM-56265535,"Portátil gaming - MSI GL65 Leopard 10SER-468XES, 15.6"" FHD, Intel® Core™ i7-10750H, 16GB, 1TB, RTX2060, FDOS",Ultrabooks ,1299.0
CEON-55934589,"Portátil gaming - MSI GF65 Thin 10SDR-888ES, 15.6"" FHD, Intel® Core™ i7-10750H, 16GB, 512GB SSD, GTX1660, W10",Ultrabooks ,1399.0
BBCA-80787094,"Convertible 2 en 1 - LENOVO Yoga C930,13.9""FHD, Intel® Core™ i5-8250U, 8GB DDR4, 512 GB SSD, Windows 10, Plata",Ultrabooks ,1199.0
RARZ-83055221,"Convertible 2 en 1 - LG Gram 14T90N-VAA78B, 14"" FullHD, Intel® Core™ i7-10510U, 16 GB, 512 GB, W10 Home, Plata",Ultrabooks ,1399.0
AZZP-26562010,"Convertible 2 en 1 - Microsoft Surface Pro 7, 12.3"", Intel® Core™ i5-1035G4, 8 GB,  256 GB, Plata",Ultrabooks ,1049.0
CCNA-92327272,"Portátil - Lenovo Legion 5 15IMH05H, 15.6"" FHD, Intel® Core™ i7-10750H, 16GB RAM, 512GB SSD, RTX2060, W10",Ultrabooks ,1299.0
ZJCO-07024741,"Portátil gaming - Msi A10SC-007ES, 15.6"" UHD 4K, Intel® Core™ i7-10710U, 32GB, 1TB SSD, GTX1650, W10 Pro, Gris",Ultrabooks ,1899.0
JCOP-00843700,"Convertible 2 en 1 - Lenovo Yoga 730-13IWL, 13.3"" FHD, Intel® Core™ i7-8565U, 8GB, 512 GB SSD, W10",Ultrabooks ,1322.0
TTMB-37286378,"Portátil - Lenovo Yoga S730-13IWL, 13.3 "", Intel® Core™ i5-8265U, 8 GB, 256 GB, Windows 10 Home, Gris",Ultrabooks ,838.0
ROHJ-69879352,"Apple MacBook Pro (2019),Retina 16"",Intel® Core™ i7, 16GB, 512GB SSD,AMD Radeon Pro 5300M,MacOS, Gris espacial",Ultrabooks ,2623.0
JTIZ-05535045,"Surface -  Microsoft Surface Laptop 3, 13,5 "", Intel® Core™ i5-1035G7, RAM 8 GB,  128 GB,  Plata",Ultrabooks ,1147.0
GBIP-93762130,"Surface -  Microsoft, Surface Laptop 3, 13,5 "", Intel® Core™ i5-1035G7, RAM 8 GB, 256 GB, Plata",Ultrabooks ,1449.0
KLJR-20606470,"Apple MacBook Pro (2020) MWP72Y/A, 13'' Retina, Intel® Core™ i5 10ª gen., 16 GB, 512 GB SSD, MacOS, Plata",Ultrabooks ,1879.0
MKDO-58937939,"Portátil gaming - Lenovo Legion 5 15IMH05H, 15.6"" FHD, Intel® Core™ i7-10750H, 16GB, 512GB SSD, RTX2060, W10",Ultrabooks ,1599.0
NBHN-92966234,"Convertible 2 en 1 - Microsoft Surface Pro 7, 12.3"", Intel® Core™ i7 1065G7, 16 GB, 256 GB SSD, W10, Plata",Ultrabooks ,1640.0
OBIE-68708173,"Portátil - Lenovo ThinkBook 13s IML, 13.3"" FHD, Intel® Core™ i5-10210U, 8GB RAM, 256GB SSD, UHD Graphics, W10",Ultrabooks ,960.0
DDIR-19257051,"Portátil - Lenovo Legion 5 15IMH05H, 15.6"" FHD, Intel® Core™ i7-10750H, 16GB RAM, 512GB SSD, GTX1650, FreeDOS",Ultrabooks ,999.0
GAFN-61481828,"Portátil gaming - MSI Prestige 15, 15.6"" FHD, Intel® Core™ i7-10710U, 16GB, 512+512 GB, GTX1650, W10H, Plata",Ultrabooks ,1664.0
OPZO-21904883,"Portátil - Lenovo Yoga Creator 7 15IMH05, 15.6"" FHD, Intel® Core™ i7-10750H, 16GB RAM, 512GB SSD, GTX1650, W10",Ultrabooks ,1349.0
UGHA-05465755,"Portátil - Asus VivoBook S14 S433JQ-EB163, 14"",  Intel® Core™ i5-1035G1, 8 GB RAM, 512GB SSD, MX350, FreeDOS",Ultrabooks ,699.0
BING-21471581,"Convertible 2 en 1 - Microsoft Surface Pro 7, 12.3"", Intel® Core™ i7 1065G7, 16 GB, 512 GB SSD, W10, Negro",Ultrabooks ,2099.0
TPAR-13422529,"Convertible 2 en 1 - Microsoft Book 3, 13.3"",  Intel® Core™ i5-1035G7, 8 GB, 256 GB, W10 Home, Plata",Ultrabooks ,1799.0
BSJG-81943909,"Portátil gaming - Asus Zephyrus M15 GU502LW-AZ196T, 15.6"" FHD, i7-10875H, 32 GB RAM, 1 TB SSD, RTX™ 2070, W10",Ultrabooks ,1849.0
FPMN-13901511,"Convertible 2 en 1 - Microsoft Surface Go 2, 10.5"", SIM LTE, Intel® Pentium® Gold 4415Y, 8 GB, 128 GB, Plata",Ultrabooks ,824.0
CBIN-43853515,"Portátil - LG Ultra 17, 17'' WQXGA, Intel® Core™ i7-10510U, 16GB, 512GB SSD, NVIDIA® GeForce® GTX™1650, W10",Ultrabooks ,1439.0
DOZG-27296138,"Portátil gaming - MSI GF75 Thin 10SCSR-245XES, 17.3"" FHD, i7-10750H, 16GB, 1TB+512GB, GTX1650Ti, FreeDOS,Negro",Ultrabooks ,1352.0
BOAO-33507673,"Apple MacBook Pro (2020) MWP82Y/A, 13'' Retina, Intel® Core™ i5 10ª gen., 16 GB, 1 TB SSD, MacOS, Plata",Ultrabooks ,2299.0
HIGL-47949907,"Apple MacBook Pro (2019), Retina 16"", Intel® Core™ i7, 16GB, 512GB SSD, AMD Radeon Pro 5300M, MacOS, Plata",Ultrabooks ,2429.0
HILZ-77835223,"Portátil - Dynabook Satellite Pro C50-E-10C, 15.6"" FHD, Intel® Core™ i3-8130U, 8GB RAM, 256GB SSD, UHD 620,W10",Ultrabooks ,699.0
BLPG-49260047,"Convertible 2 en 1 - Microsoft Surface Pro 7, 12.3"", Intel® Core™ i7 1065G7, 16 GB, 256 GB SSD, W10, Negro",Ultrabooks ,1634.0
BRIB-48660289,"Portátil gaming - Lenovo Creator 5 15IMH05, 15.6"" FHD, Intel®Core™ i7-10750H, 16GB, 512SSD, GTX1650, W 10 Home",Ultrabooks ,1499.0
AZET-62071954,"Portátil gaming - MSI GF63 Thin 10SCSR-876XES, 15.6"" FHD, Intel® Core™ i7-10750H, 16GB, 1TB SSD, GTX1650, FDOS",Ultrabooks ,999.0
ANDA-66334288,"Surface -  Microsoft, Surface Laptop 3, 13,5 "", Intel® Core™ i5-1035G7, RAM 8 GB, 256 GB, Negro",Ultrabooks ,1065.0
ZSMN-65880433,"Portátil gaming - Asus ROG Zephyrus S17 GX701LXS-HG032T, 17.3"" FHD, i7-10875H, 32GB RAM, 1TB SSD, RTX2080, W10",Ultrabooks ,2499.0
IBTH-36264981,"Portátil gaming - MSI GS66 10SE-051ES, 15"" FHD, Intel® Core™ i7-10750H, 32GB, 1TB SSD, GeForce® RTX 2060, W10",Ultrabooks ,1799.0
ZPIO-69690325,"Portátil - MSI Prestige 14 A10RB-020ES, 14 "" FHD, Intel® Core™ i7-10510U, 16GB, 1TB SSD, MX250, W10Pro, Blanco",Ultrabooks ,1399.0
SAOC-15689732,"Portátil gaming - Asus ROG Zephyrus M15 GU502LW-AZ037T, 15.6"" FHD, i7-10750H, 16GB RAM, 512GB SSD, RTX2070,W10",Ultrabooks ,1649.0
ASOH-04828288,"Portátil - HP 250 G7, 15.6"" HD, Intel® Core™ i3-1005G1, 8GB , 256GB SSD, FreeDOS, Negro",Notebooks ,459.0
UJME-16265882,"Portátil - Dynabook Satellite Pro C50-E-11F, 15.6"" FHD, Intel® Celeron® 3865U, 8GB, 256GB SSD, W10",Notebooks ,449.0
ABOA-35066915,"Portátil - HP 14s-dq1020ns, 14"" FHD, Intel® Core™ i5-1035G1, 8 GB, 256 GB SSD, UHD Graphics, W10, Plata",Notebooks ,596.56
MMUJ-66698947,"Portátil - Asus E410MA-EK017TS, 14"", FHD, Intel® Celeron® N4020, 4 GB RAM, 64 GB eMMC, Graphics 600, W10",Notebooks ,259.0
NFGH-30844240,"Portátil - Lenovo IdeaPad S145-15IIL, 15.6"" FHD, Intel® Core™ i7-1065G7, 8GB,256SSD, Iris® Graphics, W 10 Home",Notebooks ,749.0
OEZT-08180287,"Portátil - Huawei MateBook D15, 15.6"" FHD, Intel® Core™ i5-10210U, 8 GB, 256 SSD, W10, Plata",Notebooks ,668.84
EOJD-04274312,"Portátil - Huawei Matebook D 14 , 14"" FHD, AMD Ryzen™ 7 3700U, 8 GB, 512 GB SSD, Windows 10 Home, Plata",Notebooks ,749.0
BPUG-98747392,"Portátil - Asus ZenBook™ 14 UX425EA-HM165T, 14"", FHD, i7-1165G7, 16 GB RAM, 512 GB SSD, UHD Graphics, W10",Notebooks ,1199.0
PZRM-92028475,"Portátil gaming - Asus TUF A15 FA506IU-HN278, 15.6"", AMD® Ryzen™ 7 4800H , 16GB, 1TB SSD, GTX1660Ti, FreeDOS",Notebooks ,1089.0
TJZR-91664779,"Portátil - ASUS ROG Strix G17 G712LW-EV002, 17.3"", FHD, i7-10750H, 16 GB RAM, 1 TB SSD,  RTX™ 2070, FreeDOS",Notebooks ,1499.0
RGHD-41592374,"Portátil gaming - Asus TUF F15 FX506LI-HN109T, 15.6"" FHD, i7-10870H, 16 GB RAM, 512 GB SSD, GTX1650Ti, W10",Notebooks ,1099.0
IUIR-70282016,"Apple MacBook Pro (2020) MWP42Y/A, 13'' Retina, Intel® Core™i5 10ª gen., 16GB, 512GB SSD, MacOS, Gris espacial",Notebooks ,1777.0
ARSZ-62124984,"Portátil gaming - MSI BRAVO 15, 15.6 "" Full-HD, AMD Ryzen™ 5 4600H, 16 GB, 512SSD, Radeon RX 5500M, FreeDOS",Notebooks ,1020.0
BADT-15309213,"Portátil - Lenovo Legion 5 15IMH05H, 15.6"" FHD, Intel® Core™ i7-10750H, 16GB RAM, 512GB SSD, RTX2060, FreeDOS",Notebooks ,1199.0
ZHOA-93812648,"Portátil gaming - Lenovo Legion 5 15ARH05, 15.6"" FHD, AMD Ryzen™ 7 4800H, 16GB RAM, 512 GB SSD, GTX1650, W10",Notebooks ,1049.0
CRTA-55546797,"Portátil - Asus ZenBook 14 UX434FAC-A5188T, 14” FHD, Intel® Core™ i7-10510U, 16GB RAM, 512 GB SSD, W10",Notebooks ,1299.0
NDDK-89767743,"Portátil - LG 15Z95N-G.AA78B, 15.6"" FHD, Intel® Core™ i7-1165G7, 16 GB RAM, 512 GB SSD, Iris® Plus 655, W10",Notebooks ,1199.0
ARLK-10807879,"Portátil - ASUS ZenBook Duo UX481FL-BM044T, 14"" FHD, Intel® Core™ i7-10510U, 16GB RAM, 512 GB SSD, MX250, W10",Notebooks ,1549.0
FGSR-72085781,"Portátil gaming - Asus ROG Zephyrus M15 GU502LW-AZ056T, 15.6"" FHD, i7-10750H, 32GB RAM, 1TB SSD, RTX 2070, W10",Notebooks ,1849.0
PSAO-83137839,"Portátil - Primux ioxbook 15I3A, 15.6"" FHD, Intel® Core™ i3-1005G1, 8 GB RAM, 256 GB SSD, UHD, W10, Gris",Notebooks ,599.0
ELGO-41774833,"Apple MacBook Pro (2020) MWP52Y/A, 13'' Retina, Intel® Core™i5 10ª gen., 16GB, 1TB SSD, MacOS, Gris espacial",Notebooks ,1999.0
ZJMB-99087856,"Portátil - Microsoft Surface Laptop Go, 12.45"", Intel® Core™ i5-1035G1, 8 GB, 256 GB, Windows 10 Home S Mode",Notebooks ,999.0
EOTR-58825358,"Portátil gaming - HP OMEN 15-ek0012ns, 15.6"" FHD, Intel® Core™ i7-10750H, 16GB, 1TB SSD, RTX2060, W10, Negro",Notebooks ,1499.0
JGJD-63888313,"Portátil gaming - MSI GP65 Leopard 10SEK 029ES, 15"" FHD, Intel® Core™ i7-10750H, 16GB, 1TB SSD, RTX 2060, W10",Notebooks ,1499.0
NDJO-29148705,"Portátil gaming - Asus ROG Strix G15 G512LW-HN149, 15.6"", i7-10875H, 32 GB RAM, 1 TB SSD,  RTX™ 2070, FreeDOS",Notebooks ,1549.0
CTJS-37672018,"Portátil gaming - MSI GL65 Leopard 10SER-468XES, 15.6"" FHD, Intel® Core™ i7-10750H, 16GB, 1TB, RTX2060, FDOS",Notebooks ,1299.0
MJHO-80099668,"Portátil gaming - MSI GF65 Thin 10SDR-888ES, 15.6"" FHD, Intel® Core™ i7-10750H, 16GB, 512GB SSD, GTX1660, W10",Notebooks ,1399.0
LEIM-85248679,"Portátil - Lenovo Legion 5 15IMH05H, 15.6"" FHD, Intel® Core™ i7-10750H, 16GB RAM, 512GB SSD, RTX2060, W10",Notebooks ,1299.0
LBFP-52113836,"PC gaming - MSI GS75 Stealth 10SE-816XES, 17.3"" FHD, Intel® Core™ i7-10875H, 32 GB, 1TB SSD, RTX 2060, FreeDOS",Notebooks ,1699.0
MUHD-68699712,"Portátil - Primux Ioxbook 15R3A, 15.6"" FHD, AMD Ryzen™ 3-3200U, 8GB RAM, 256GB SSD, R3-Radeon TM Vega3, W10",Notebooks ,589.0
GFLT-39722982,"Portátil gaming - Msi A10SC-007ES, 15.6"" UHD 4K, Intel® Core™ i7-10710U, 32GB, 1TB SSD, GTX1650, W10 Pro, Gris",Notebooks ,1899.0
JAHH-10083042,"Apple MacBook Pro (2019),Retina 16"",Intel® Core™ i7, 16GB, 512GB SSD,AMD Radeon Pro 5300M,MacOS, Gris espacial",Notebooks ,2623.0
PGDC-12307412,"Surface -  Microsoft Surface Laptop 3, 13,5 "", Intel® Core™ i5-1035G7, RAM 8 GB,  128 GB,  Plata",Notebooks ,1147.0
KGZF-41559070,"Apple MacBook Pro (2020) MWP72Y/A, 13'' Retina, Intel® Core™ i5 10ª gen., 16 GB, 512 GB SSD, MacOS, Plata",Notebooks ,1879.0
AFTE-31602103,"Portátil gaming - Lenovo Legion 5 15IMH05H, 15.6"" FHD, Intel® Core™ i7-10750H, 16GB, 512GB SSD, RTX2060, W10",Notebooks ,1599.0
MCOB-45361938,"Portátil - Lenovo ThinkBook 13s IML, 13.3"" FHD, Intel® Core™ i5-10210U, 8GB RAM, 256GB SSD, UHD Graphics, W10",Notebooks ,960.0
KUDL-93737370,"Portátil - ASUS E410MA-EK007TS, 14'',  Intel® Celeron® N4020, 4 GB RAM, 64 GB eMMC, Graphics 600, W10",Notebooks ,299.0
DEDR-96725681,"Portátil - Lenovo Legion 5 15IMH05H, 15.6"" FHD, Intel® Core™ i7-10750H, 16GB RAM, 512GB SSD, GTX1650, FreeDOS",Notebooks ,999.0
HHDP-56098809,"Portátil gaming - MSI Prestige 15, 15.6"" FHD, Intel® Core™ i7-10710U, 16GB, 512+512 GB, GTX1650, W10H, Plata",Notebooks ,1664.0
OTCH-45828677,"Portátil - Lenovo Yoga Creator 7 15IMH05, 15.6"" FHD, Intel® Core™ i7-10750H, 16GB RAM, 512GB SSD, GTX1650, W10",Notebooks ,1349.0
OPIJ-80470939,"Portátil gaming - Asus Zephyrus M15 GU502LW-AZ196T, 15.6"" FHD, i7-10875H, 32 GB RAM, 1 TB SSD, RTX™ 2070, W10",Notebooks ,1849.0
NPTP-24463442,"Portátil - LG Ultra 17, 17'' WQXGA, Intel® Core™ i7-10510U, 16GB, 512GB SSD, NVIDIA® GeForce® GTX™1650, W10",Notebooks ,1439.0
RUEG-51475432,"Portátil gaming - MSI GF75 Thin 10SCSR-245XES, 17.3"" FHD, i7-10750H, 16GB, 1TB+512GB, GTX1650Ti, FreeDOS,Negro",Notebooks ,1352.0
NRRJ-45060319,"Apple MacBook Pro (2020) MWP82Y/A, 13'' Retina, Intel® Core™ i5 10ª gen., 16 GB, 1 TB SSD, MacOS, Plata",Notebooks ,2299.0
BHPK-79202987,"Apple MacBook Pro (2019), Retina 16"", Intel® Core™ i7, 16GB, 512GB SSD, AMD Radeon Pro 5300M, MacOS, Plata",Notebooks ,2429.0
PMZM-35329220,"Portátil - Microsoft Surface Laptop 3, 15"", AMD Ryzen 5 ™, 8GB, 256 GB, Negro metal",Notebooks ,1649.0
OKOK-00150254,"Portátil gaming - Lenovo Creator 5 15IMH05, 15.6"" FHD, Intel®Core™ i7-10750H, 16GB, 512SSD, GTX1650, W 10 Home",Notebooks ,1499.0
RTLF-30065889,"Portátil gaming - MSI GF63 Thin 10SCSR-876XES, 15.6"" FHD, Intel® Core™ i7-10750H, 16GB, 1TB SSD, GTX1650, FDOS",Notebooks ,999.0
ZSTJ-70532681,"Surface -  Microsoft, Surface Laptop 3, 13,5 "", Intel® Core™ i5-1035G7, RAM 8 GB, 256 GB, Negro",Notebooks ,1065.0
LJIM-97328529,"Portátil gaming - Asus ROG Zephyrus S17 GX701LXS-HG032T, 17.3"" FHD, i7-10875H, 32GB RAM, 1TB SSD, RTX2080, W10",Notebooks ,2499.0
JRZA-64280016,"Portátil gaming - MSI GS66 10SE-051ES, 15"" FHD, Intel® Core™ i7-10750H, 32GB, 1TB SSD, GeForce® RTX 2060, W10",Notebooks ,1799.0
GSIH-42651841,"Portátil - MSI Prestige 14 A10RB-020ES, 14 "" FHD, Intel® Core™ i7-10510U, 16GB, 1TB SSD, MX250, W10Pro, Blanco",Notebooks ,1399.0
ODUL-29947841,"Portátil gaming - Asus ROG Zephyrus M15 GU502LW-AZ037T, 15.6"" FHD, i7-10750H, 16GB RAM, 512GB SSD, RTX2070,W10",Notebooks ,1649.0
UTUO-88789775,"Convertible 2 en 1 - Lenovo Yoga 920-13IKB, 13.9""4K, Intel® Core™ i7-8550U,16GB, 1TB, Graphics 620, W 10 Home",Notebooks ,1699.0
LJAC-04440156,"Portátil - HP Laptop 14s-dq1031ns, 14"" Full-HD, Intel® Core™ i3-1005G1, 8 GB, 256 GB SSD, FreeDOS, Plata",Notebooks ,499.0
MCRH-78811222,"Portátil gaming - MSI GL65 Leopard 10SFSK-450ES, 15.6"" FHD, Intel® Core™ i7-10750H,16GB,1TB,RTX2070 Super,W10",Notebooks ,1599.0
GFNG-00576335,"Portátil - Microsoft Surface Laptop 3, 15"", AMD Ryzen 5 ™, 8GB, 256 GB, Platino metal",Notebooks ,1649.0
KGIG-43066188,"Portátil gaming - MSI Bravo 15, 15.6"" Full-HD, AMD Ryzen™ 7 4800H, 16 GB, 512 SSD, Radeon RX 5500M, FreeDOS",Notebooks ,1010.0
TMSO-73134895,"Portátil gaming - MSI GL65 Leopard 10SFR-466XES, 15.6"" FHD, Intel® Core™ i7-10750H, 16GB, 1TB, RTX2070, FDOS",Notebooks ,1449.0
FFJT-60537241,"Portátil gaming - MSI Creator 17M A10SD 211ES, 17"" FHD, Intel® Core™ i7-10750H, 32GB, 1TB SSD, GTX 1660Ti, W10",Notebooks ,1735.0
UCKN-65423422,"Portátil - HP Chroomebok 11A G8 EE, 11.6"" HD, AMD A4-9120C, 4 GB, 32 GB eMMC, R4 Graphics, Chrome OS, Verde",Chromebooks ,269.0
ENDH-34667171,"Portátil - ASUS Chromebook Z1400CN-BV0305, 14"", Intel® Pentium® N4200, 8GB, 64GB eMMC, Graphics 505, Chrome OS",Chromebooks ,399.0
NKLM-01111089,"Portátil - Lenovo Chromebook CT-X636F, 10.1"" Full-HD, MediaTek P60T, 4GB, 128eMCP, ARM Mali-G72, Chrome OS",Chromebooks ,324.0
SJRB-98011273,"Portátil - Acer Chromebook CB514-1HT, 14"" FHD, Intel® Pentium® N4200, 4 GB, 128 GB, Chrome OS, Plata",Chromebooks ,450.0
LMHM-07376215,"Portátil - Acer Chromebook CB315-3HT, 15.6"" FHD, Intel® Pentium® Silver N5030, 8 GB, 128 GB, Chrome OS, Plata",Chromebooks ,449.0
DDIF-61445680,"Portátil - Acer Chromebook 714, 14"" Full-HD, Intel® Core™ i3-8130U, 4 GB, 64 GB eMMC, Chrome OS, Plata",Chromebooks ,589.0
JPMF-32956300,"REACONDICIONADO Portátil - ASUS Chromebook Z1400CN-BV0305, 14"", Intel® Pentium® N4200, 8GB, 64GB eMMC, ChromeO",Chromebooks ,319.2
FCBJ-05618296,"Portátil - Asus Chromebook Flip Z7400FF-E10109,14"" FHD, Intel® Core™ i5-10210U , 16GB, 512GB SSD, Chrome OS",Chromebooks ,999.0
IJBT-92284133,"REACONDICIONADO Portátil - HP Chromebook 14a-na0004ns, 14"" HD, Intel® Celeron® N4020, 4GB, 64GB eMMC, ChromeOS",Chromebooks ,239.2
KMIJ-00871900,"Portátil - HP 14s-dq1020ns, 14"" FHD, Intel® Core™ i5-1035G1, 8 GB, 256 GB SSD, UHD Graphics, W10, Plata",Portátiles i5,596.56
PKDR-61920546,"Convertible 2 en 1 -  Microsoft Surface Pro 7, 12.3"", Intel® Core™ i5-1035G4, 8GB RAM, 128GB, W10",Portátiles i5,799.0
OTGO-21559392,"Portátil - Huawei MateBook D15, 15.6"" FHD, Intel® Core™ i5-10210U, 8 GB, 256 SSD, W10, Plata",Portátiles i5,668.84
NKZC-89789379,"Apple MacBook Pro (2020) MWP42Y/A, 13'' Retina, Intel® Core™i5 10ª gen., 16GB, 512GB SSD, MacOS, Gris espacial",Portátiles i5,1777.0
PBEB-68809711,"Portátil - ASUS VivoBook S14 K413JP-EK070T, 14"", Intel® Core™ i5-1035G1, 8 GB RAM, 512GB SSD, MX330, W10",Portátiles i5,629.0
NPMN-52128081,"Portátil - Microsoft Surface Laptop Go, 12.45"", Intel® Core™ i5-1035G1, 8 GB, 256 GB, Windows 10 Home S Mode",Portátiles i5,999.0
ICLZ-04690082,"Apple MacBook Pro (2020) MWP52Y/A, 13'' Retina, Intel® Core™i5 10ª gen., 16GB, 1TB SSD, MacOS, Gris espacial",Portátiles i5,1999.0
KHTC-34080371,"Convertible 2 en 1 - Microsoft Surface Pro 7, 12.3"", Intel® Core™ i5-1035G7, RAM 8GB, 256GB, Negro",Portátiles i5,1049.0
PLSS-34003480,"Convertible 2 en 1 - LENOVO Yoga C930,13.9""FHD, Intel® Core™ i5-8250U, 8GB DDR4, 512 GB SSD, Windows 10, Plata",Portátiles i5,1199.0
GHMR-69843723,"Convertible 2 en 1 - Microsoft Surface Pro 7, 12.3"", Intel® Core™ i5-1035G4, 8 GB,  256 GB, Plata",Portátiles i5,1049.0
HMOG-40542981,"Portátil - Lenovo Yoga S730-13IWL, 13.3 "", Intel® Core™ i5-8265U, 8 GB, 256 GB, Windows 10 Home, Gris",Portátiles i5,838.0
DKFG-50353364,"Surface -  Microsoft Surface Laptop 3, 13,5 "", Intel® Core™ i5-1035G7, RAM 8 GB,  128 GB,  Plata",Portátiles i5,1147.0
NNIH-87000005,"Surface -  Microsoft, Surface Laptop 3, 13,5 "", Intel® Core™ i5-1035G7, RAM 8 GB, 256 GB, Plata",Portátiles i5,1449.0
NRZD-54945625,"Apple MacBook Pro (2020) MWP72Y/A, 13'' Retina, Intel® Core™ i5 10ª gen., 16 GB, 512 GB SSD, MacOS, Plata",Portátiles i5,1879.0
KKDO-35204426,"Portátil - Lenovo ThinkBook 13s IML, 13.3"" FHD, Intel® Core™ i5-10210U, 8GB RAM, 256GB SSD, UHD Graphics, W10",Portátiles i5,960.0
TBFB-75313863,"Portátil - Asus VivoBook S14 S433JQ-EB163, 14"",  Intel® Core™ i5-1035G1, 8 GB RAM, 512GB SSD, MX350, FreeDOS",Portátiles i5,699.0
TZRB-18092323,"Convertible 2 en 1 - Microsoft Book 3, 13.3"",  Intel® Core™ i5-1035G7, 8 GB, 256 GB, W10 Home, Plata",Portátiles i5,1799.0
JIGF-80655609,"Apple MacBook Pro (2020) MWP82Y/A, 13'' Retina, Intel® Core™ i5 10ª gen., 16 GB, 1 TB SSD, MacOS, Plata",Portátiles i5,2299.0
TJPU-00589218,"Portátil gaming - MSI GF63 Thin 10SCSR-876XES, 15.6"" FHD, Intel® Core™ i7-10750H, 16GB, 1TB SSD, GTX1650, FDOS",Portátiles i5,999.0
SGHG-18889676,"Surface -  Microsoft, Surface Laptop 3, 13,5 "", Intel® Core™ i5-1035G7, RAM 8 GB, 256 GB, Negro",Portátiles i5,1065.0
AELF-97910181,"Portátil - Asus Chromebook Flip Z7400FF-E10109,14"" FHD, Intel® Core™ i5-10210U , 16GB, 512GB SSD, Chrome OS",Portátiles i5,999.0
DNKZ-67343034,"PC gaming - MSI MPG Trident 3 10SI-017EU, Intel® Core™ i5-10400, 8GB RAM, 512GB SSD, 1TB HDD, GTX1660, W10",Portátiles i5,999.0
FNSD-99508245,"Portátil gaming - Lenovo Legion Y540-15IRH, 15.6"" FHD, Intel® Core™ i5-9300H, 8 GB, 512 SSD, RTX2060, FreeDOS",Portátiles i5,999.0
BUEF-47679669,"Portátil - Microsoft Surface Laptop 2, 13.5"", Intel® Core™ i5-8250U, 8GB RAM, 256GB SSD, W10, Plata",Portátiles i5,1376.55
RMDG-16218206,"Portátil - LG 14Z990-V, 14"" FHD, Intel® Core™ i5-8265U, 8 GB RAM, 256GB SSD, Intel® UHD Graphics 620, W10",Portátiles i5,1156.2
RGFG-86350327,"Portátil - LG Gram 15Z90N-VAR53B, 15.6"" Full-HD, Intel® Core™ i5-1035G7, 8 GB, 256 GB SSD, W10 Home, Blanco",Portátiles i5,1249.0
SZPK-47453798,"Portátil - LG Gram 14Z90N-V-AR53B, 14"" FHD, Intel® Core™ i5-1035G7, 8 GB, 256 GB SSD, Windows 10 Home, Blanco",Portátiles i5,1199.0
AEAO-82958165,"Portátil - Lenovo IdeaPad S145-15IIL, 15.6"" FHD, Intel® Core™ i7-1065G7, 8GB,256SSD, Iris® Graphics, W 10 Home",Portátiles i7,749.0
IROO-16406988,"Portátil - Asus ZenBook™ 14 UX425EA-HM165T, 14"", FHD, i7-1165G7, 16 GB RAM, 512 GB SSD, UHD Graphics, W10",Portátiles i7,1199.0
JNZR-51106620,"Portátil - ASUS ROG Strix G17 G712LW-EV002, 17.3"", FHD, i7-10750H, 16 GB RAM, 1 TB SSD,  RTX™ 2070, FreeDOS",Portátiles i7,1499.0
FSHE-56681916,"Portátil gaming - Asus TUF F15 FX506LI-HN109T, 15.6"" FHD, i7-10870H, 16 GB RAM, 512 GB SSD, GTX1650Ti, W10",Portátiles i7,1099.0
ZHRK-27016814,"Portátil - Lenovo Legion 5 15IMH05H, 15.6"" FHD, Intel® Core™ i7-10750H, 16GB RAM, 512GB SSD, RTX2060, FreeDOS",Portátiles i7,1199.0
IKIM-05115558,"Portátil - Asus ZenBook 14 UX434FAC-A5188T, 14” FHD, Intel® Core™ i7-10510U, 16GB RAM, 512 GB SSD, W10",Portátiles i7,1299.0
CCUE-01788230,"Portátil - LG 15Z95N-G.AA78B, 15.6"" FHD, Intel® Core™ i7-1165G7, 16 GB RAM, 512 GB SSD, Iris® Plus 655, W10",Portátiles i7,1199.0
SAMO-45723770,"Portátil - ASUS ZenBook Duo UX481FL-BM044T, 14"" FHD, Intel® Core™ i7-10510U, 16GB RAM, 512 GB SSD, MX250, W10",Portátiles i7,1549.0
FZLF-47995942,"Portátil gaming - Asus ROG Zephyrus M15 GU502LW-AZ056T, 15.6"" FHD, i7-10750H, 32GB RAM, 1TB SSD, RTX 2070, W10",Portátiles i7,1849.0
PTIP-10211351,"Portátil gaming - HP OMEN 15-ek0012ns, 15.6"" FHD, Intel® Core™ i7-10750H, 16GB, 1TB SSD, RTX2060, W10, Negro",Portátiles i7,1499.0
BSCN-75053929,"Portátil gaming - MSI GP65 Leopard 10SEK 029ES, 15"" FHD, Intel® Core™ i7-10750H, 16GB, 1TB SSD, RTX 2060, W10",Portátiles i7,1499.0
JLAD-04813665,"Portátil gaming - Asus ROG Strix G15 G512LW-HN149, 15.6"", i7-10875H, 32 GB RAM, 1 TB SSD,  RTX™ 2070, FreeDOS",Portátiles i7,1549.0
CPZC-97230675,"Portátil gaming - MSI GL65 Leopard 10SER-468XES, 15.6"" FHD, Intel® Core™ i7-10750H, 16GB, 1TB, RTX2060, FDOS",Portátiles i7,1299.0
OFDR-22643831,"Portátil gaming - MSI GF65 Thin 10SDR-888ES, 15.6"" FHD, Intel® Core™ i7-10750H, 16GB, 512GB SSD, GTX1660, W10",Portátiles i7,1399.0
LSRJ-54805545,"Convertible 2 en 1 - LG Gram 14T90N-VAA78B, 14"" FullHD, Intel® Core™ i7-10510U, 16 GB, 512 GB, W10 Home, Plata",Portátiles i7,1399.0
MFSD-20890239,"Portátil - Lenovo Legion 5 15IMH05H, 15.6"" FHD, Intel® Core™ i7-10750H, 16GB RAM, 512GB SSD, RTX2060, W10",Portátiles i7,1299.0
NGBZ-17014132,"PC gaming - MSI GS75 Stealth 10SE-816XES, 17.3"" FHD, Intel® Core™ i7-10875H, 32 GB, 1TB SSD, RTX 2060, FreeDOS",Portátiles i7,1699.0
RIMB-71050165,"Portátil gaming - Msi A10SC-007ES, 15.6"" UHD 4K, Intel® Core™ i7-10710U, 32GB, 1TB SSD, GTX1650, W10 Pro, Gris",Portátiles i7,1899.0
MDDK-85040609,"Convertible 2 en 1 - Lenovo Yoga 730-13IWL, 13.3"" FHD, Intel® Core™ i7-8565U, 8GB, 512 GB SSD, W10",Portátiles i7,1322.0
OZPA-71817540,"Apple MacBook Pro (2019),Retina 16"",Intel® Core™ i7, 16GB, 512GB SSD,AMD Radeon Pro 5300M,MacOS, Gris espacial",Portátiles i7,2623.0
IDCU-64351971,"Portátil gaming - Lenovo Legion 5 15IMH05H, 15.6"" FHD, Intel® Core™ i7-10750H, 16GB, 512GB SSD, RTX2060, W10",Portátiles i7,1599.0
DBIE-10052225,"Convertible 2 en 1 - Microsoft Surface Pro 7, 12.3"", Intel® Core™ i7 1065G7, 16 GB, 256 GB SSD, W10, Plata",Portátiles i7,1640.0
GFGG-84471802,"Portátil - Lenovo Legion 5 15IMH05H, 15.6"" FHD, Intel® Core™ i7-10750H, 16GB RAM, 512GB SSD, GTX1650, FreeDOS",Portátiles i7,999.0
PDSM-57266635,"Convertible 2 en 1 - Lenovo Yoga 7 14ITL5, 14""FHD, Intel® Evo™ Core™ i7-1165G7, 16GB RAM,1TB SSD, Iris®Xe, W10",Portátiles i7,1499.0
FUFO-50629594,"Portátil gaming - MSI Prestige 15, 15.6"" FHD, Intel® Core™ i7-10710U, 16GB, 512+512 GB, GTX1650, W10H, Plata",Portátiles i7,1664.0
IKGM-18461508,"Portátil - Lenovo Yoga Creator 7 15IMH05, 15.6"" FHD, Intel® Core™ i7-10750H, 16GB RAM, 512GB SSD, GTX1650, W10",Portátiles i7,1349.0
CTRA-38540885,"Convertible 2 en 1 - Microsoft Surface Pro 7, 12.3"", Intel® Core™ i7 1065G7, 16 GB, 512 GB SSD, W10, Negro",Portátiles i7,2099.0
LIRP-86769322,"Portátil gaming - Asus Zephyrus M15 GU502LW-AZ196T, 15.6"" FHD, i7-10875H, 32 GB RAM, 1 TB SSD, RTX™ 2070, W10",Portátiles i7,1849.0
TFOS-97114785,"Portátil - LG Ultra 17, 17'' WQXGA, Intel® Core™ i7-10510U, 16GB, 512GB SSD, NVIDIA® GeForce® GTX™1650, W10",Portátiles i7,1439.0
CDME-49499732,"Portátil gaming - MSI GF75 Thin 10SCSR-245XES, 17.3"" FHD, i7-10750H, 16GB, 1TB+512GB, GTX1650Ti, FreeDOS,Negro",Portátiles i7,1352.0
BBKL-17470501,"Apple MacBook Pro (2019), Retina 16"", Intel® Core™ i7, 16GB, 512GB SSD, AMD Radeon Pro 5300M, MacOS, Plata",Portátiles i7,2429.0
HBJZ-00730147,"Convertible 2 en 1 - Microsoft Book 3, 13.3"", Intel® Core™ i7-1065G7, 16 GB, 256 GB, GTX1650, W10 Home, Plata",Portátiles i7,2249.0
GGAS-91686271,"Convertible 2 en 1 - Microsoft Book 3, 15"", Intel® Core™ i7-1065G7, 32 GB, 512 GB, GTX1660 Ti, W10 Home, Plata",Portátiles i7,3099.0
IMBD-34700567,"Convertible 2 en 1 - Microsoft Surface Pro 7, 12.3"", Intel® Core™ i7 1065G7, 16 GB, 256 GB SSD, W10, Negro",Portátiles i7,1634.0
PNLH-54882618,"Portátil gaming - Lenovo Creator 5 15IMH05, 15.6"" FHD, Intel®Core™ i7-10750H, 16GB, 512SSD, GTX1650, W 10 Home",Portátiles i7,1499.0
OZZL-37310120,"Portátil gaming - Asus ROG Zephyrus S17 GX701LXS-HG032T, 17.3"" FHD, i7-10875H, 32GB RAM, 1TB SSD, RTX2080, W10",Portátiles i7,2499.0
LONP-25524803,"Portátil gaming - MSI GS66 10SE-051ES, 15"" FHD, Intel® Core™ i7-10750H, 32GB, 1TB SSD, GeForce® RTX 2060, W10",Portátiles i7,1799.0
ZLND-86025282,"Portátil - MSI Prestige 14 A10RB-020ES, 14 "" FHD, Intel® Core™ i7-10510U, 16GB, 1TB SSD, MX250, W10Pro, Blanco",Portátiles i7,1399.0
OUHE-84652015,"Portátil gaming - Asus ROG Zephyrus M15 GU502LW-AZ037T, 15.6"" FHD, i7-10750H, 16GB RAM, 512GB SSD, RTX2070,W10",Portátiles i7,1649.0
GJZU-75634909,"Convertible 2 en 1 - Lenovo Yoga 920-13IKB, 13.9""4K, Intel® Core™ i7-8550U,16GB, 1TB, Graphics 620, W 10 Home",Portátiles i7,1699.0
ARRM-32731405,"Portátil gaming - MSI GL65 Leopard 10SFSK-450ES, 15.6"" FHD, Intel® Core™ i7-10750H,16GB,1TB,RTX2070 Super,W10",Portátiles i7,1599.0
ONEL-29069744,"Convertible 2 en 1 - Microsoft Book 3, 15"", Intel® Core™ i7-1065G7, 16 GB, 256 GB, GTX1660 Ti, W10 Home, Plata",Portátiles i7,2599.0
MMMT-57212789,"Portátil gaming - MSI GL65 Leopard 10SFR-466XES, 15.6"" FHD, Intel® Core™ i7-10750H, 16GB, 1TB, RTX2070, FDOS",Portátiles i7,1449.0
GHOL-20050389,"Portátil - Lenovo Yoga S940-14IIL, 14"" UHD 4K, Intel® Core™ i7-1065G7, 16 GB, 1 TB SSD, Windows 10 Home, Gris",Portátiles i7,1999.0
UUIL-22767081,"Portátil gaming - MSI Creator 17M A10SD 211ES, 17"" FHD, Intel® Core™ i7-10750H, 32GB, 1TB SSD, GTX 1660Ti, W10",Portátiles i7,1735.0
AEDA-04811622,"Portátil - Lenovo Yoga S740-14IIL, 14"" UHD 4K, Intel® Core™ i7-1065G7,16GB, 1TB SSD, GeForce MX250, W 10 Home",Portátiles i7,1653.0
RDJS-52196210,"Portátil gaming - ASUS ROG Strix G15 G512LV-HN090, 15.6"", i7-10750H, 16 GB RAM, 1 TB SSD, RTX™ 2060, FreeDOS",Portátiles i7,1149.0
ISNR-54178270,"Portátil gaming - MSI GL65 10SDK-032es, 15.6"" FHD, Intel® Core™ i7-10750H, 16GB, 1TB SSD, GTX1660 Ti, FreeDOS",Portátiles i7,1356.0
HUGG-62460410,"Portátil - LG 15U70N-P.AA78B, 15.6'' Full-HD, Intel® Core™ i7-10510U, 16 GB, 512 GB SSD, W10 Home, Gris",Portátiles i7,1199.0
GFTR-23976123,"REACONDICIONADO Portátil gaming - Gigabyte Aero15, 15.6"" 4K, Intel® Core™ i7-8750H, 32GB, 1TB SSD, RTX 2070",Portátiles i7,2203.24
TZPN-44619400,"Portátil gaming - Asus ROG Zephyrus S17 GX701LWS-EV029T, 17.3"",  i7-10750H, 32 GB RAM, 1 TB SSD, RTX 2070, W10",Portátiles i7,2299.0
JIHZ-58937637,"Portátil - Lenovo Yoga 910-13IKB, 13.9"" Full HD, Intel® Core™ i7-7500U, 8 GB RAM, 512 GB SSD, Gris",Portátiles i7,1699.0
GBLM-34855743,"Portátil - Asus ProArt StudioBook Pro17 J700G3T-AV103R, 17"", i7-9750H, 32GB, 1TB, NVIDIA® Quadro® RTX 3000,W10",Portátiles i7,2799.0
MMFT-70581981,"Portátil gaming - Acer PH717-72-766P, 17.3"" FHD, Intel® Core™ i7-10875H, 32GB RAM, 1024GB SSD, RTX2070, W10",Portátiles i7,3318.0
KCBU-77902735,"Portátil gaming - Asus ROG Zephyrus M15 GU502LW-HN071T, 15.6"" FHD, i7-10750H, 16GB RAM, 1TB SSD, RTX 2070, W10",Portátiles i7,1749.0
LADL-96610429,"Portátil gaming- Asus ROG Zephyrus M15 GU502LW-HN070T, 15.6"", i7-10750H, 16 GB RAM, 512 GB SSD, RTX™ 2070, W10",Portátiles i7,1649.0
KZAH-94287841,"Portátil - Dynabook Satellite Pro L50-G-1JL, 15.6"" FHD, Intel®Core™ i7-10710U, 16GB, 1TB+256GB SSD, MX250, W10",Portátiles i7,1308.0
PIZO-68543963,"Portátil - MSI Creator 15 A10SDT-065ES, 15.6"" Full-HD, Intel® Core™ i7-10750H, 32 GB, 1TB SSD, GTX1660Ti",Portátiles i7,1799.0
EOOD-51802225,"MacBook Air Apple MGN63Y/A, 13.3"" Retina, Apple Silicon M1, 8 GB, 256 GB SSD, MacOS, Gris espacial",Portátiles Apple,1049.0
IZMC-24608377,"Apple MacBook Pro (2020) MWP42Y/A, 13'' Retina, Intel® Core™i5 10ª gen., 16GB, 512GB SSD, MacOS, Gris espacial",Portátiles Apple,1777.0
EJTM-86938889,"Apple MacBook Pro (2020) MWP52Y/A, 13'' Retina, Intel® Core™i5 10ª gen., 16GB, 1TB SSD, MacOS, Gris espacial",Portátiles Apple,1999.0
LGTS-54409879,"MacBook Air Apple MGND3Y/A, 13.3"" Retina, Apple Silicon M1, 8 GB, 256 GB SSD, MacOS, Oro",Portátiles Apple,1129.0
NIIH-68733033,"Apple MacBook Pro (2019),Retina 16"",Intel® Core™ i7, 16GB, 512GB SSD,AMD Radeon Pro 5300M,MacOS, Gris espacial",Portátiles Apple,2623.0
BLPR-29005171,"Apple MacBook Pro (2020) MWP72Y/A, 13'' Retina, Intel® Core™ i5 10ª gen., 16 GB, 512 GB SSD, MacOS, Plata",Portátiles Apple,1879.0
FLDO-51570654,"MacBook Pro Apple, 13.3"" Retina, Apple Silicon M1, 16 GB, 512 GB SSD, MacOS, Gris espacial",Portátiles Apple,1909.0
BMUT-81259162,"Apple MacBook Pro (2020) MWP82Y/A, 13'' Retina, Intel® Core™ i5 10ª gen., 16 GB, 1 TB SSD, MacOS, Plata",Portátiles Apple,2299.0
TLAM-72565058,"Apple MacBook Pro (2019), Retina 16"", Intel® Core™ i7, 16GB, 512GB SSD, AMD Radeon Pro 5300M, MacOS, Plata",Portátiles Apple,2429.0
AJNB-14152345,"MacBook Air Apple Z11B6, 13.3"" Retina, Apple Silicon M1, 16 GB, 1 TB SSD, MacOS, Gris espacial",Portátiles Apple,2139.0
